Id,Expected
Sample_1,1
Sample_2,1
Sample_3,1
Sample_4,1
Sample_5,1
Sample_6,1
Sample_7,1
Sample_8,1
Sample_9,1
Sample_10,1
Sample_11,1
Sample_12,1
Sample_13,1
Sample_14,1
Sample_15,1
Sample_16,1
Sample_17,1
Sample_18,1
Sample_19,1
Sample_20,1
Sample_21,1
Sample_22,1
Sample_23,1
Sample_24,1
Sample_25,1
Sample_26,1
Sample_27,1
Sample_28,1
Sample_29,1
Sample_30,1
Sample_31,1
Sample_32,1
Sample_33,1
Sample_34,1
Sample_35,1
Sample_36,1
Sample_37,1
Sample_38,1
Sample_39,1
Sample_40,1
Sample_41,1
Sample_42,1
Sample_43,1
Sample_44,1
Sample_45,1
Sample_46,1
Sample_47,1
Sample_48,1
Sample_49,1
Sample_50,1
Sample_51,1
Sample_52,1
Sample_53,1
Sample_54,1
Sample_55,1
Sample_56,1
Sample_57,1
Sample_58,1
Sample_59,1
Sample_60,1
Sample_61,1
Sample_62,1
Sample_63,1
Sample_64,1
Sample_65,1
Sample_66,1
Sample_67,1
Sample_68,1
Sample_69,1
Sample_70,1
Sample_71,1
Sample_72,1
Sample_73,1
Sample_74,1
Sample_75,1
Sample_76,1
Sample_77,1
Sample_78,1
Sample_79,1
Sample_80,1
Sample_81,1
Sample_82,1
Sample_83,1
Sample_84,1
Sample_85,1
Sample_86,1
Sample_87,1
Sample_88,1
Sample_89,1
Sample_90,1
Sample_91,1
Sample_92,1
Sample_93,1
Sample_94,1
Sample_95,1
Sample_96,1
Sample_97,1
Sample_98,1
Sample_99,1
Sample_100,1
Sample_101,1
Sample_102,1
Sample_103,1
Sample_104,1
Sample_105,1
Sample_106,1
Sample_107,1
Sample_108,1
Sample_109,1
Sample_110,1
Sample_111,1
Sample_112,1
Sample_113,1
Sample_114,1
Sample_115,1
Sample_116,1
Sample_117,1
Sample_118,1
Sample_119,1
Sample_120,1
Sample_121,1
Sample_122,1
Sample_123,1
Sample_124,1
Sample_125,1
Sample_126,1
Sample_127,1
Sample_128,1
Sample_129,1
Sample_130,1
Sample_131,1
Sample_132,1
Sample_133,1
Sample_134,1
Sample_135,1
Sample_136,1
Sample_137,1
Sample_138,1
Sample_139,1
Sample_140,1
Sample_141,1
Sample_142,1
Sample_143,1
Sample_144,1
Sample_145,1
Sample_146,1
Sample_147,1
Sample_148,1
Sample_149,1
Sample_150,1
Sample_151,1
Sample_152,1
Sample_153,1
Sample_154,1
Sample_155,1
Sample_156,1
Sample_157,1
Sample_158,1
Sample_159,1
Sample_160,1
Sample_161,1
Sample_162,1
Sample_163,1
Sample_164,1
Sample_165,1
Sample_166,1
Sample_167,1
Sample_168,1
Sample_169,1
Sample_170,1
Sample_171,1
Sample_172,1
Sample_173,1
Sample_174,1
Sample_175,1
Sample_176,1
Sample_177,1
Sample_178,1
Sample_179,1
Sample_180,1
Sample_181,1
Sample_182,1
Sample_183,1
Sample_184,1
Sample_185,1
Sample_186,1
Sample_187,1
Sample_188,1
Sample_189,1
Sample_190,1
Sample_191,1
Sample_192,1
Sample_193,1
Sample_194,1
Sample_195,1
Sample_196,1
Sample_197,1
Sample_198,1
Sample_199,1
Sample_200,1
Sample_201,1
Sample_202,1
Sample_203,1
Sample_204,1
Sample_205,1
Sample_206,1
Sample_207,1
Sample_208,1
Sample_209,1
Sample_210,1
Sample_211,1
Sample_212,1
Sample_213,1
Sample_214,1
Sample_215,1
Sample_216,1
Sample_217,1
Sample_218,1
Sample_219,1
Sample_220,1
Sample_221,1
Sample_222,1
Sample_223,1
Sample_224,1
Sample_225,1
Sample_226,1
Sample_227,1
Sample_228,1
Sample_229,1
Sample_230,1
Sample_231,1
Sample_232,1
Sample_233,1
Sample_234,1
Sample_235,1
Sample_236,1
Sample_237,1
Sample_238,1
Sample_239,1
Sample_240,1
Sample_241,1
Sample_242,1
Sample_243,1
Sample_244,1
Sample_245,1
Sample_246,1
Sample_247,1
Sample_248,1
Sample_249,1
Sample_250,1
Sample_251,1
Sample_252,1
Sample_253,1
Sample_254,1
Sample_255,1
Sample_256,1
Sample_257,1
Sample_258,1
Sample_259,1
Sample_260,1
Sample_261,1
Sample_262,1
Sample_263,1
Sample_264,1
Sample_265,1
Sample_266,1
Sample_267,1
Sample_268,1
Sample_269,1
Sample_270,1
Sample_271,1
Sample_272,1
Sample_273,1
Sample_274,1
Sample_275,1
Sample_276,1
Sample_277,1
Sample_278,1
Sample_279,1
Sample_280,1
Sample_281,1
Sample_282,1
Sample_283,1
Sample_284,1
Sample_285,1
Sample_286,1
Sample_287,1
Sample_288,1
Sample_289,1
Sample_290,1
Sample_291,1
Sample_292,1
Sample_293,1
Sample_294,1
Sample_295,1
Sample_296,1
Sample_297,1
Sample_298,1
Sample_299,1
Sample_300,1
Sample_301,1
Sample_302,1
Sample_303,1
Sample_304,1
Sample_305,1
Sample_306,1
Sample_307,1
Sample_308,1
Sample_309,1
Sample_310,1
Sample_311,1
Sample_312,1
Sample_313,1
Sample_314,1
Sample_315,1
Sample_316,1
Sample_317,1
Sample_318,1
Sample_319,1
Sample_320,1
Sample_321,1
Sample_322,1
Sample_323,1
Sample_324,1
Sample_325,1
Sample_326,1
Sample_327,1
Sample_328,1
Sample_329,1
Sample_330,1
Sample_331,1
Sample_332,1
Sample_333,1
Sample_334,1
Sample_335,1
Sample_336,1
Sample_337,1
Sample_338,1
Sample_339,1
Sample_340,1
Sample_341,1
Sample_342,1
Sample_343,1
Sample_344,1
Sample_345,1
Sample_346,1
Sample_347,1
Sample_348,1
Sample_349,1
Sample_350,1
Sample_351,1
Sample_352,1
Sample_353,1
Sample_354,1
Sample_355,1
Sample_356,1
Sample_357,1
Sample_358,1
Sample_359,1
Sample_360,1
Sample_361,1
Sample_362,1
Sample_363,1
Sample_364,1
Sample_365,1
Sample_366,1
Sample_367,1
Sample_368,1
Sample_369,1
Sample_370,1
Sample_371,1
Sample_372,1
Sample_373,1
Sample_374,1
Sample_375,1
Sample_376,1
Sample_377,1
Sample_378,1
Sample_379,1
Sample_380,1
Sample_381,1
Sample_382,1
Sample_383,1
Sample_384,1
Sample_385,1
Sample_386,1
Sample_387,1
Sample_388,1
Sample_389,1
Sample_390,1
Sample_391,1
Sample_392,1
Sample_393,1
Sample_394,1
Sample_395,1
Sample_396,1
Sample_397,1
Sample_398,1
Sample_399,1
Sample_400,1
Sample_401,1
Sample_402,1
Sample_403,1
Sample_404,1
Sample_405,1
Sample_406,1
Sample_407,1
Sample_408,1
Sample_409,1
Sample_410,1
Sample_411,1
Sample_412,1
Sample_413,1
Sample_414,1
Sample_415,1
Sample_416,1
Sample_417,1
Sample_418,1
Sample_419,1
Sample_420,1
Sample_421,1
Sample_422,1
Sample_423,1
Sample_424,1
Sample_425,1
Sample_426,1
Sample_427,1
Sample_428,1
Sample_429,1
Sample_430,1
Sample_431,1
Sample_432,1
Sample_433,1
Sample_434,1
Sample_435,1
Sample_436,1
Sample_437,1
Sample_438,1
Sample_439,1
Sample_440,1
Sample_441,1
Sample_442,1
Sample_443,1
Sample_444,1
Sample_445,1
Sample_446,1
Sample_447,1
Sample_448,1
Sample_449,1
Sample_450,1
Sample_451,1
Sample_452,1
Sample_453,1
Sample_454,1
Sample_455,1
Sample_456,1
Sample_457,1
Sample_458,1
Sample_459,1
Sample_460,1
Sample_461,1
Sample_462,1
Sample_463,1
Sample_464,1
Sample_465,1
Sample_466,1
Sample_467,1
Sample_468,1
Sample_469,1
Sample_470,1
Sample_471,1
Sample_472,1
Sample_473,1
Sample_474,1
Sample_475,1
Sample_476,1
Sample_477,1
Sample_478,1
Sample_479,1
Sample_480,1
Sample_481,1
Sample_482,1
Sample_483,1
Sample_484,1
Sample_485,1
Sample_486,1
Sample_487,1
Sample_488,1
Sample_489,1
Sample_490,1
Sample_491,1
Sample_492,1
Sample_493,1
Sample_494,1
Sample_495,1
Sample_496,1
Sample_497,1
Sample_498,1
Sample_499,1
Sample_500,1
Sample_501,1
Sample_502,1
Sample_503,1
Sample_504,1
Sample_505,1
Sample_506,1
Sample_507,1
Sample_508,1
Sample_509,1
Sample_510,1
Sample_511,1
Sample_512,1
Sample_513,1
Sample_514,1
Sample_515,1
Sample_516,1
Sample_517,1
Sample_518,1
Sample_519,1
Sample_520,1
Sample_521,1
Sample_522,1
Sample_523,1
Sample_524,1
Sample_525,1
Sample_526,1
Sample_527,1
Sample_528,1
Sample_529,1
Sample_530,1
Sample_531,1
Sample_532,1
Sample_533,1
Sample_534,1
Sample_535,1
Sample_536,1
Sample_537,1
Sample_538,1
Sample_539,1
Sample_540,1
Sample_541,1
Sample_542,1
Sample_543,1
Sample_544,1
Sample_545,1
Sample_546,1
Sample_547,1
Sample_548,1
Sample_549,1
Sample_550,1
Sample_551,1
Sample_552,1
Sample_553,1
Sample_554,1
Sample_555,1
Sample_556,1
Sample_557,1
Sample_558,1
Sample_559,1
Sample_560,1
Sample_561,1
Sample_562,1
Sample_563,1
Sample_564,1
Sample_565,1
Sample_566,1
Sample_567,1
Sample_568,1
Sample_569,1
Sample_570,1
Sample_571,1
Sample_572,1
Sample_573,1
Sample_574,1
Sample_575,1
Sample_576,1
Sample_577,1
Sample_578,1
Sample_579,1
Sample_580,1
Sample_581,1
Sample_582,1
Sample_583,1
Sample_584,1
Sample_585,1
Sample_586,1
Sample_587,1
Sample_588,1
Sample_589,1
Sample_590,1
Sample_591,1
Sample_592,1
Sample_593,1
Sample_594,1
Sample_595,1
Sample_596,1
Sample_597,1
Sample_598,1
Sample_599,1
Sample_600,1
Sample_601,1
Sample_602,1
Sample_603,1
Sample_604,1
Sample_605,1
Sample_606,1
Sample_607,1
Sample_608,1
Sample_609,1
Sample_610,1
Sample_611,1
Sample_612,1
Sample_613,1
Sample_614,1
Sample_615,1
Sample_616,1
Sample_617,1
Sample_618,1
Sample_619,1
Sample_620,1
Sample_621,1
Sample_622,1
Sample_623,1
Sample_624,1
Sample_625,1
Sample_626,1
Sample_627,1
Sample_628,1
Sample_629,1
Sample_630,1
Sample_631,1
Sample_632,1
Sample_633,1
Sample_634,1
Sample_635,1
Sample_636,1
Sample_637,1
Sample_638,1
Sample_639,1
Sample_640,1
Sample_641,1
Sample_642,1
Sample_643,1
Sample_644,1
Sample_645,1
Sample_646,1
Sample_647,1
Sample_648,1
Sample_649,1
Sample_650,1
Sample_651,1
Sample_652,1
Sample_653,1
Sample_654,1
Sample_655,1
Sample_656,1
Sample_657,1
Sample_658,1
Sample_659,1
Sample_660,1
Sample_661,1
Sample_662,1
Sample_663,1
Sample_664,1
Sample_665,1
Sample_666,1
Sample_667,1
Sample_668,1
Sample_669,1
Sample_670,1
Sample_671,1
Sample_672,1
Sample_673,1
Sample_674,1
Sample_675,1
Sample_676,1
Sample_677,1
Sample_678,1
Sample_679,1
Sample_680,1
Sample_681,1
Sample_682,1
Sample_683,1
Sample_684,1
Sample_685,1
Sample_686,1
Sample_687,1
Sample_688,1
Sample_689,1
Sample_690,1
Sample_691,1
Sample_692,1
Sample_693,1
Sample_694,1
Sample_695,1
Sample_696,1
Sample_697,1
Sample_698,1
Sample_699,1
Sample_700,1
Sample_701,1
Sample_702,1
Sample_703,1
Sample_704,1
Sample_705,1
Sample_706,1
Sample_707,1
Sample_708,1
Sample_709,1
Sample_710,1
Sample_711,1
Sample_712,1
Sample_713,1
Sample_714,1
Sample_715,1
Sample_716,1
Sample_717,1
Sample_718,1
Sample_719,1
Sample_720,1
Sample_721,1
Sample_722,1
Sample_723,1
Sample_724,1
Sample_725,1
Sample_726,1
Sample_727,1
Sample_728,1
Sample_729,1
Sample_730,1
Sample_731,1
Sample_732,1
Sample_733,1
Sample_734,1
Sample_735,1
Sample_736,1
Sample_737,1
Sample_738,1
Sample_739,1
Sample_740,1
Sample_741,1
Sample_742,1
Sample_743,1
Sample_744,1
Sample_745,1
Sample_746,1
Sample_747,1
Sample_748,1
Sample_749,1
Sample_750,1
Sample_751,1
Sample_752,1
Sample_753,1
Sample_754,1
Sample_755,1
Sample_756,1
Sample_757,1
Sample_758,1
Sample_759,1
Sample_760,1
Sample_761,1
Sample_762,1
Sample_763,1
Sample_764,1
Sample_765,1
Sample_766,1
Sample_767,1
Sample_768,1
Sample_769,1
Sample_770,1
Sample_771,1
Sample_772,1
Sample_773,1
Sample_774,1
Sample_775,1
Sample_776,1
Sample_777,1
Sample_778,1
Sample_779,1
Sample_780,1
Sample_781,1
Sample_782,1
Sample_783,1
Sample_784,1
Sample_785,1
Sample_786,1
Sample_787,1
Sample_788,1
Sample_789,1
Sample_790,1
Sample_791,1
Sample_792,1
Sample_793,1
Sample_794,1
Sample_795,1
Sample_796,1
Sample_797,1
Sample_798,1
Sample_799,1
Sample_800,1
Sample_801,1
Sample_802,1
Sample_803,1
Sample_804,1
Sample_805,1
Sample_806,1
Sample_807,1
Sample_808,1
Sample_809,1
Sample_810,1
Sample_811,1
Sample_812,1
Sample_813,1
Sample_814,1
Sample_815,1
Sample_816,1
Sample_817,1
Sample_818,1
Sample_819,1
Sample_820,1
Sample_821,1
Sample_822,1
Sample_823,1
Sample_824,1
Sample_825,1
Sample_826,1
Sample_827,1
Sample_828,1
Sample_829,1
Sample_830,1
Sample_831,1
Sample_832,1
Sample_833,1
Sample_834,1
Sample_835,1
Sample_836,1
Sample_837,1
Sample_838,1
Sample_839,1
Sample_840,1
Sample_841,1
Sample_842,1
Sample_843,1
Sample_844,1
Sample_845,1
Sample_846,1
Sample_847,1
Sample_848,1
Sample_849,1
Sample_850,1
Sample_851,1
Sample_852,1
Sample_853,1
Sample_854,1
Sample_855,1
Sample_856,1
Sample_857,1
Sample_858,1
Sample_859,1
Sample_860,1
Sample_861,1
Sample_862,1
Sample_863,1
Sample_864,1
Sample_865,1
Sample_866,1
Sample_867,1
Sample_868,1
Sample_869,1
Sample_870,1
Sample_871,1
Sample_872,1
Sample_873,1
Sample_874,1
Sample_875,1
Sample_876,1
Sample_877,1
Sample_878,1
Sample_879,1
Sample_880,1
Sample_881,1
Sample_882,1
Sample_883,1
Sample_884,1
Sample_885,1
Sample_886,1
Sample_887,1
Sample_888,1
Sample_889,1
Sample_890,1
Sample_891,1
Sample_892,1
Sample_893,1
Sample_894,1
Sample_895,1
Sample_896,1
Sample_897,1
Sample_898,1
Sample_899,1
Sample_900,1
Sample_901,1
Sample_902,1
Sample_903,1
Sample_904,1
Sample_905,1
Sample_906,1
Sample_907,1
Sample_908,1
Sample_909,1
Sample_910,1
Sample_911,1
Sample_912,1
Sample_913,1
Sample_914,1
Sample_915,1
Sample_916,1
Sample_917,1
Sample_918,1
Sample_919,1
Sample_920,1
Sample_921,1
Sample_922,1
Sample_923,1
Sample_924,1
Sample_925,1
Sample_926,1
Sample_927,1
Sample_928,1
Sample_929,1
Sample_930,1
Sample_931,1
Sample_932,1
Sample_933,1
Sample_934,1
Sample_935,1
Sample_936,1
Sample_937,1
Sample_938,1
Sample_939,1
Sample_940,1
Sample_941,1
Sample_942,1
Sample_943,1
Sample_944,1
Sample_945,1
Sample_946,1
Sample_947,1
Sample_948,1
Sample_949,1
Sample_950,1
Sample_951,1
Sample_952,1
Sample_953,1
Sample_954,1
Sample_955,1
Sample_956,1
Sample_957,1
Sample_958,1
Sample_959,1
Sample_960,1
Sample_961,1
Sample_962,1
Sample_963,1
Sample_964,1
Sample_965,1
Sample_966,1
Sample_967,1
Sample_968,1
Sample_969,1
Sample_970,1
Sample_971,1
Sample_972,1
Sample_973,1
Sample_974,1
Sample_975,1
Sample_976,1
Sample_977,1
Sample_978,1
Sample_979,1
Sample_980,1
Sample_981,1
Sample_982,1
Sample_983,1
Sample_984,1
Sample_985,1
Sample_986,1
Sample_987,1
Sample_988,1
Sample_989,1
Sample_990,1
Sample_991,1
Sample_992,1
Sample_993,1
Sample_994,1
Sample_995,1
Sample_996,1
Sample_997,1
Sample_998,1
Sample_999,1
Sample_1000,1
